id,kind,modelid,position,rotation,rotation2,scale,size,icon,icon2,name,systemid,describe
1,1,1,(0,-40,500),(0,0,0),(0,0,0),(225,225,225),0.699999988079071,20001,30001,10001,108010000,三清剑
2,2,2,(0,-40,500),(0,180,0),(0,0,0),(250,250,250),0.699999988079071,20002,30002,10002,108020000,刑天盾
3,5,3,(0,-40,500),(0,180,0),(0,0,0),(250,250,250),0.699999988079071,20003,30003,10003,108030000,祖龙刺
4,4,4,(0,-40,500),(0,0,0),(0,0,0),(250,250,250),0.699999988079071,20004,30004,10004,108040000,风魔镰
5,3,5,(0,-40,500),(0,180,0),(0,0,0),(250,250,250),0.699999988079071,20005,30005,10005,108050000,伏羲琴
