id,copyid,arg_1,arg_2,arg_3
1,80444,1.10000002384186,0.600000023841858,30000
2,80445,1.10000002384186,0.600000023841858,30000
3,80446,1.10000002384186,0.600000023841858,30000
4,80447,1.10000002384186,0.600000023841858,30000
5,80448,1.10000002384186,0.600000023841858,30000
6,80449,1.10000002384186,0.600000023841858,30000
